{
  "threshold": 0.21999999999999997,
  "business_cost": 114.0,
  "bad_recall": 0.8833333333333333,
  "bad_f2": 0.7123655913978495
}