{
  "threshold": 0.19,
  "business_cost": 113.0,
  "bad_recall": 0.9833333333333333,
  "bad_f2": 0.7248157248157249
}